group,no,col,name,intro,imgsrc,price,point,off,none_off,soryo,url
,100円OFFクーポン,,,,,,,,,,
,200円OFFクーポン,,,,,,,,,,
,300円OFFクーポン,,,,,,,,,,
,500円OFFクーポン,,,,,,,,,,
1,16035410,col-s,KARCHER K5 プレミアム サイレント（西日本/60Hz地域用）,,https://shop.r10s.jp/ryouhinhyakka/cabinet/karcher/16035410_01.jpg,"87,780",none,,none,,https://item.rakuten.co.jp/ryouhinhyakka/16035410/
2,p111560,col-s,アイロボット 空気清浄機 Klaara p7 Pro グリーン グレー,,https://shop.r10s.jp/ryouhinhyakka/cabinet/irobot/p111560.jpg,"169,800",p10,,none,,https://item.rakuten.co.jp/ryouhinhyakka/p111560/
3,y05003595,col-s,staub ピコ・ココット ラウンド ボルドー 24cm,,https://shop.r10s.jp/ryouhinhyakka/cabinet/y_yot/003/y05003595.jpg,"31,800",none,,none,,https://item.rakuten.co.jp/ryouhinhyakka/y05003595/
4,y05063998,col-s,ビタクラフト Vシリーズ フライパン 24.5cm,,https://shop.r10s.jp/ryouhinhyakka/cabinet/vitacraft/y05063998.jpg,"19,800",none,,none,,https://item.rakuten.co.jp/ryouhinhyakka/y05063998/
5,y05072362,col-s,ZWILLING 福袋 ツヴィリング 2024 ZW 15000B,,https://shop.r10s.jp/ryouhinhyakka/cabinet/y_yot/fukubukuro/y05072362_fix.jpg,"14,850",none,,none,,https://item.rakuten.co.jp/ryouhinhyakka/y05072362/
6,FJ00406304,col-s,野田琺瑯 ホワイトシリーズ スクウェア 密閉蓋付 Mサイズ,,https://shop.r10s.jp/ryouhinhyakka/cabinet/nodahoro/n-wsm-m.jpg,"1,880",none,,none,none,https://item.rakuten.co.jp/ryouhinhyakka/10007225/
7,y05067213,col-s,ビタクラフト カーペンター フライパン 28cm,,https://shop.r10s.jp/ryouhinhyakka/cabinet/vitacraft/y05067213.jpg,"13,200",none,,none,,https://item.rakuten.co.jp/ryouhinhyakka/y05067213/
8,7408JP-00,col-s,ラッセルホブス ケトル カフェケトル 0.8L,,https://shop.r10s.jp/ryouhinhyakka/cabinet/y_yot/0845-000027_01.jpg,"11,000",none,,none,none,https://item.rakuten.co.jp/ryouhinhyakka/10013833/
9,CP-8695,col-s,ビジョン クックポット 2.5L,,https://shop.r10s.jp/ryouhinhyakka/cabinet/pearl/cp-8695.jpg,"5,600",none,,none,,https://item.rakuten.co.jp/ryouhinhyakka/cp-8695/
10,mtg-15m,col-s,富士ほうろう ムーミンオリーブ 15cm ミルクパン 蓋付,,https://shop.r10s.jp/ryouhinhyakka/cabinet/y_yot/005/mtg-15m.jpg,"3,960",none,,none,,https://item.rakuten.co.jp/ryouhinhyakka/mtg-15m/
