﻿group,item_no,col,width,name,intro,imgsrc,price,point,off,none_off,soryo,url,Column1
1,16035410,col-l,,KARCHER K5 プレミアム サイレント（西日本/60Hz地域用）,"ケルヒャー高圧洗浄機の最高峰「水冷サイレント」シリーズ。K5 プレミアム サイレントは、静音と信頼の証「水冷式モーター」を採用した高圧洗浄機です。
自転車/ガーデニング用品/庭・テラス・ベランダの家具/フェンスや庭の舗装/バイクやスクーター/軽自動車や普通乗用車/バルコニーやベランダ/窓や網戸/浴室　等のお掃除に！",https://shop.r10s.jp/ryouhinhyakka/cabinet/karcher/16035410_01.jpg,"87,780",none,,none,s02,https://item.rakuten.co.jp/ryouhinhyakka/16035410/,
1,p111560,col-l,,アイロボット 空気清浄機 Klaara p7 Pro グリーン グレー,"○独自の密閉技術と、継ぎ目のない密閉型ボディを採用。浄化された空気に汚れた空気が混ざることもありません。綺麗な空気だけを排出します。
○3つのフィルターで汚染物質を空気中から除去します。
・カビの胞子　・ペットのふけや毛　・料理のにおい　・花粉　・コロナなどのウイルス　・ホコリ　・VOC
○スマートモード
○スケジュール機能
○音声アシスタント対応",https://shop.r10s.jp/ryouhinhyakka/cabinet/irobot/p111560.jpg,"169,800",p10,,none,s02,https://item.rakuten.co.jp/ryouhinhyakka/p111560/,
1,4.91E+12,col-l,,Clip Fresh 密封容器 8pcsセット,"密閉性が高く、食材のおいしさを保ち、汁気の多い食品の持ち運びに便利
 密封容器8pcsセットは、ラインナップが豊富で、様々な用途に使用可能(4.2Lは小麦粉に、2Lはパスタに、980mlはコーヒー豆等に)",https://shop.r10s.jp/ryouhinhyakka/cabinet/sato_sh/cfboxsets.jpg,"2,750",none,,none,s02,https://item.rakuten.co.jp/ryouhinhyakka/10020359/,
2,16032000,col-l,,KARCHER K3 サイレント プラス（東日本/50Hz地域用）,"ケルヒャー高圧洗浄機の最高峰「水冷サイレント」シリーズ。
K3 サイレント プラスは、静音と信頼の証「水冷式モーター」を採用した高圧洗浄機です。
広い範囲もしっかり洗える10mの高圧ホースが付属し、様々な場所で多彩に活躍する高圧洗浄機です。
自転車/ガーデン家具/小型車/玄関、玄関まわり/バルコニーやベランダ/網戸や窓/浴室　等のお掃除に！",https://shop.r10s.jp/ryouhinhyakka/cabinet/karcher/16032000_01.jpg,"30,800",none,,none,s02,https://item.rakuten.co.jp/ryouhinhyakka/16032000/,
2,31371270,col-l,,KARCHER LTR 18-30 (刈払機) バッテリーセット,"LTR 18-30 は、コードレスで手持ちタイプのバッテリー駆動式のトリマー（刈払機）です。
高速回転するコードで、障害物は傷つけずに、伸びた草を切り落とし、手軽に芝生や雑草の刈り取りを行えます。折り畳み式のプラントプロテクターにより、花や植物を傷つけずに作業が行えます。
身長にあわせて長さを調整できる伸縮ポール、角度や向きを変更可能なカッティングヘッドでキワ刈り時や、植木の切り込みも簡単に行えます。",https://shop.r10s.jp/ryouhinhyakka/cabinet/karcher/31371270.jpg,"33,000",none,,none,s02,https://item.rakuten.co.jp/ryouhinhyakka/31371270/,
2,28632630,col-s,half,KARCHER スチームクリーナーアクセサリー スポットノズルセット,,https://shop.r10s.jp/ryouhinhyakka/cabinet/karcher/28632630.jpg,"1,600",none,,none,none,https://item.rakuten.co.jp/ryouhinhyakka/28632630/,
2,26431500,col-s,half,ケルヒャー 高圧洗浄機アクセサリー フォームノズル,,https://shop.r10s.jp/ryouhinhyakka/cabinet/karcher/26431500.jpg,"1,920",none,,none,,https://item.rakuten.co.jp/ryouhinhyakka/26431500/,
3,uw-4510,col-l,,キャプテンスタッグ 多機能ラジオ,"キャンプなどへの携帯や、停電時など災害時･緊急時に備えておける多機能ラジオ。
電池不要でLEDライトが使えます。ハンドルを手回しすることで発電して充電ができます。
ソーラーパネルで太陽光でも充電も可能です。",https://shop.r10s.jp/ryouhinhyakka/cabinet/captainstag/uw-4510.jpg,"3,960",none,,none,s02,https://item.rakuten.co.jp/ryouhinhyakka/uw-4510/,
3,ul-1079,col-l,,キャプテンスタッグ ハンディ コンテナ Lサイズ,"組立簡単。小物の持ち運びに便利な取っ手付きのコンテナです。
取っ手を倒して平らな状態にできるので、場所をとらずコンパクトに収納できます。",https://shop.r10s.jp/ryouhinhyakka/cabinet/captainstag/ul-1079.jpg,"2,200",none,,none,none,https://item.rakuten.co.jp/ryouhinhyakka/ul-1079/,
4,y05003595,col-s,,staub ピコ・ココット ラウンド ボルドー 24cm,,https://shop.r10s.jp/ryouhinhyakka/cabinet/y_yot/003/y05003595.jpg,"31,800",none,,none,,https://item.rakuten.co.jp/ryouhinhyakka/y05003595/,
4,y05063998,col-s,,ビタクラフト Vシリーズ フライパン 24.5cm,,https://shop.r10s.jp/ryouhinhyakka/cabinet/vitacraft/y05063998.jpg,"19,800",none,,none,,https://item.rakuten.co.jp/ryouhinhyakka/y05063998/,
4,y05072362,col-s,,ZWILLING 福袋 ツヴィリング 2024 ZW 15000B,,https://shop.r10s.jp/ryouhinhyakka/cabinet/y_yot/fukubukuro/y05072362_fix.jpg,"14,850",none,,none,,https://item.rakuten.co.jp/ryouhinhyakka/y05072362/,
4,FJ00406304,col-s,,野田琺瑯 ホワイトシリーズ スクウェア 密閉蓋付 Mサイズ,,https://shop.r10s.jp/ryouhinhyakka/cabinet/nodahoro/n-wsm-m.jpg,"1,880",none,,none,none,https://item.rakuten.co.jp/ryouhinhyakka/10007225/,
4,y05067213,col-s,,ビタクラフト カーペンター フライパン 28cm,,https://shop.r10s.jp/ryouhinhyakka/cabinet/vitacraft/y05067213.jpg,"13,200",none,,none,,https://item.rakuten.co.jp/ryouhinhyakka/y05067213/,
4,7408JP-00,col-s,,ラッセルホブス ケトル カフェケトル 0.8L,,https://shop.r10s.jp/ryouhinhyakka/cabinet/y_yot/0845-000027_01.jpg,"11,000",none,,none,none,https://item.rakuten.co.jp/ryouhinhyakka/10013833/,
4,CP-8695,col-s,,ビジョン クックポット 2.5L,,https://image.rakuten.co.jp/ryouhinhyakka/cabinet/pearl/08301892/cp-8695_1.jpg,"5,600",none,,none,,https://item.rakuten.co.jp/ryouhinhyakka/cp-8695/,
4,mtg-15m,col-s,,富士ほうろう ムーミンオリーブ 15cm ミルクパン 蓋付,,https://shop.r10s.jp/ryouhinhyakka/cabinet/y_yot/005/mtg-15m.jpg,"3,960",none,,none,,https://item.rakuten.co.jp/ryouhinhyakka/mtg-15m/,
4,KAKOMI12,col-s,,KINTO KAKOMI IH土鍋,,https://shop.r10s.jp/ryouhinhyakka/cabinet/kinto/kakomi12_001.jpg,"9,350",p10,,none,,https://item.rakuten.co.jp/ryouhinhyakka/10019419/,
4,LTP,col-s,,キントー ティーポット LT 600ml ,,https://shop.r10s.jp/ryouhinhyakka/cabinet/kinto/ltp.jpg,"6,600",p10,,none,,https://item.rakuten.co.jp/ryouhinhyakka/ltp/,
4,nkv0701,col-s,,KINGO 電気丸チェーフィングデッシュ,,https://shop.r10s.jp/ryouhinhyakka/cabinet/tkg/201906_3/nkv0701.jpg,"40,500",none,,none,,https://item.rakuten.co.jp/ryouhinhyakka/10035640/,
4,e930027,col-s,,ZYLISS ハンドル式 缶オープナー,,https://shop.r10s.jp/ryouhinhyakka/cabinet/adv/e930027.jpg,"3,850",none,,none,,https://item.rakuten.co.jp/ryouhinhyakka/e930027/,
4,LB-003,col-s,,ラバーゼ ステンレス 丸ざる 大 27cm,,https://shop.r10s.jp/ryouhinhyakka/cabinet/y_yot/001/lb-003.jpg,"4,750",none,,none,,https://item.rakuten.co.jp/ryouhinhyakka/10019692/,
4,cpl-601,col-s,,下村企販 カニピーラー,,https://shop.r10s.jp/ryouhinhyakka/cabinet/shimomura/cpl-601.jpg,290,none,,none,none,https://item.rakuten.co.jp/ryouhinhyakka/cpl-601/,
4,hg358,col-s,,廣田硝子 吹雪 豆皿,,https://shop.r10s.jp/ryouhinhyakka/cabinet/hirota/hg358.jpg,"1,320",none,,none,none,https://item.rakuten.co.jp/ryouhinhyakka/hg358/,
4,drc121,col-s,,DBK DRC121 タオルハンガー付き 電気ヒーター,,https://shop.r10s.jp/ryouhinhyakka/cabinet/ss20201204/drc121.jpg,"14,600",none,,none,,https://item.rakuten.co.jp/ryouhinhyakka/drc121/,
4,cah-2g10f-g,col-s,,アラジン グラファイトヒーター,,https://shop.r10s.jp/ryouhinhyakka/cabinet/aladdin/cah-2g10f-g.jpg,"21,800",none,,none,,https://item.rakuten.co.jp/ryouhinhyakka/cah-2g10f-g/,
4,y05061040,col-s,,365methods ネイサン ブルー,,https://shop.r10s.jp/ryouhinhyakka/cabinet/y_yot/002/y05061040.jpg,"2,640",none,,none,,https://item.rakuten.co.jp/ryouhinhyakka/y05061040/,
4,77850000,col-s,,toto-nou シューケアシャンプー,,https://shop.r10s.jp/ryouhinhyakka/cabinet/royal/77850000.jpg,"2,200",none,,none,none,https://item.rakuten.co.jp/ryouhinhyakka/77850000/,
4,g-2156,col-s,,グリーンベル 匠の技 最高級 黄楊耳かき,,https://image.rakuten.co.jp/ryouhinhyakka/cabinet/greenbell/g-2156.jpg,150,none,,none,none,https://item.rakuten.co.jp/ryouhinhyakka/g-2156/,
5,y05064000,col-s,half,ビタクラフト Nシリーズ 片手鍋 16cm,,https://shop.r10s.jp/ryouhinhyakka/cabinet/vitacraft/y05064000.jpg,"17,600",none,,none,,https://item.rakuten.co.jp/ryouhinhyakka/y05064000/,
5,VITA-SPIRON-26,col-s,half,ビタクラフト スーパー鉄 フライパン 26cm【IH対応】,,https://image.rakuten.co.jp/ryouhinhyakka/cabinet/layout_img/s-page/imgrc0074773594.jpg,"8,800",none,,none,,https://item.rakuten.co.jp/ryouhinhyakka/10014588/,
5,4.97E+12,col-s,half,ビタクラフト 鍋 アップル 両手鍋 6.6L,,https://shop.r10s.jp/ryouhinhyakka/cabinet/vitacraft/2755.jpg,"18,900",none,,none,,https://item.rakuten.co.jp/ryouhinhyakka/10006523/,
5,3.20E+03,col-s,half,ビタクラフト フライパンカバー L 26・28・30cm兼用,,https://shop.r10s.jp/ryouhinhyakka/cabinet/ss20201204/3203.jpg,"3,880",none,,none,,https://item.rakuten.co.jp/ryouhinhyakka/3203/,
6,y00207581,col-s,half,野田琺瑯 ケトル ホーロードリップポット アンビ ホワイト 白 ,,https://shop.r10s.jp/ryouhinhyakka/cabinet/nodahoro/y00207581.jpg,"5,180",none,,none,,https://item.rakuten.co.jp/ryouhinhyakka/y00207581/,
6,y00284648,col-s,half,野田琺瑯 皿 食器 カレー皿 28cm 白,,https://shop.r10s.jp/ryouhinhyakka/cabinet/nodahoro/y00284648.jpg,"1,680",none,,none,none,https://item.rakuten.co.jp/ryouhinhyakka/y00284648/,
6,FJ00431119,col-s,half,野田琺瑯 ボール ボウル 全白 ホワイト 22cm,,https://shop.r10s.jp/ryouhinhyakka/cabinet/nodahoro/n-bowl22.jpg,"1,690",none,,none,,https://item.rakuten.co.jp/ryouhinhyakka/10007288/,
6,y00053934,col-s,half,野田琺瑯 部品 PO-20W ポーチカ蓋 ツマミ,,https://shop.r10s.jp/ryouhinhyakka/cabinet/y_yot/005/y00053934.jpg,220,none,,none,none,https://item.rakuten.co.jp/ryouhinhyakka/y00053934/,
7,cp-na,col-s,half,京セラ セラミック ピーラー 【全4色】,,https://shop.r10s.jp/ryouhinhyakka/cabinet/kyocera/cp-na.jpg,890,none,,none,,https://item.rakuten.co.jp/ryouhinhyakka/10011999/,
7,fkb-140,col-s,half,京セラ セラミックナイフ 刃渡り 14cm 【全5色】,,https://shop.r10s.jp/ryouhinhyakka/cabinet/kyocera/fkb-140.jpg,"4,400",none,,none,,https://item.rakuten.co.jp/ryouhinhyakka/fkb-140/,
7,DS-38,col-s,half,京セラ 電動ダイヤモンドシャープナー ,,https://shop.r10s.jp/ryouhinhyakka/cabinet/kyocera/ds38_new.jpg,"3,970",none,,none,,https://item.rakuten.co.jp/ryouhinhyakka/10007541/,
7,CM-15N-SET,col-s,half,京セラ セラミック キッチンミル 3点セット【スパイス(ペッパー)ミル//ソルト(結晶塩)ミル//ゴマミル】,,https://shop.r10s.jp/ryouhinhyakka/cabinet/kyocera/cm15n-set_fix2.jpg,"4,400",none,,none,,https://item.rakuten.co.jp/ryouhinhyakka/10012223/,
8,4.98E+12,col-s,half,HARIO ハリオ ミニドリップケトル・粕谷モデル KDK-300-MB,,https://shop.r10s.jp/ryouhinhyakka/cabinet/hario/4977642010611.jpg,"2,320",none,,none,none,https://item.rakuten.co.jp/ryouhinhyakka/10049026/,
8,swb-20-bk,col-s,half,HARIO 耐熱ガラス製スイーツボウル200,,https://shop.r10s.jp/ryouhinhyakka/cabinet/hario/swb-20-bk.jpg,410,none,,none,none,https://item.rakuten.co.jp/ryouhinhyakka/swb-20-bk/,
8,kdk-500-mb,col-s,half,ハリオ HARIO ミニドリップケトル・粕谷モデル KDK-500-MB,,https://shop.r10s.jp/ryouhinhyakka/cabinet/hario/kdk-500-mb.jpg,"4,070",none,,none,none,https://item.rakuten.co.jp/ryouhinhyakka/kdk-500-mb/,
8,hcb-800-ab,col-s,half,HARIO【HARIO COLORS】コールドブリュー ピッチャー,,https://shop.r10s.jp/ryouhinhyakka/cabinet/y_yot/002/hcb-800-ab.jpg,"4,180",none,,none,,https://item.rakuten.co.jp/ryouhinhyakka/hcb-800-ab/,
9,KLT-KH9,col-s,half,カリタ コーヒーミル KH-9 【ブラウン/ナチュラル//全2色】,,https://shop.r10s.jp/ryouhinhyakka/cabinet/kalita/kh9_001.jpg,"3,860",none,,none,,https://item.rakuten.co.jp/ryouhinhyakka/10013927/,
9,4.90E+12,col-s,half,カリタ キャニスター All Clear Bottle 150 (コーヒー豆 150ｇ),,https://shop.r10s.jp/ryouhinhyakka/cabinet/kalita/4901369442707.jpg,940,none,,none,none,https://item.rakuten.co.jp/ryouhinhyakka/10020624/,
9,4.90E+12,col-s,half,Kalita HASAMI HA 101 コーヒー ドリッパー (1～2人用),,https://shop.r10s.jp/ryouhinhyakka/cabinet/kalita/1010.jpg,"1,280",none,,none,none,https://item.rakuten.co.jp/ryouhinhyakka/10013892/,
9,4.90E+12,col-s,half,Kalita ハイカットミル用 ホッパーフタ,,https://shop.r10s.jp/ryouhinhyakka/cabinet/kalita/4901369811534.jpg,"1,460",none,,none,,https://item.rakuten.co.jp/ryouhinhyakka/10011765/,
